epoch,lr,train_loss,train_accuracy,train_macro_f1,val_loss,val_accuracy,val_macro_f1,val_weighted_f1,lr_group,improved,epoch_seconds
1,0.002,2.14622,0.13958,0.13945,2.00595,0.20417,0.08091,0.0863,1,1,30.75
2,0.002,2.09647,0.16562,0.15096,1.97577,0.19167,0.10552,0.11255,1,1,41.55
3,0.002,2.03284,0.19792,0.17635,1.94299,0.21667,0.15021,0.14655,1,1,43.5
4,0.002,2.01819,0.17604,0.15903,1.9324,0.275,0.17348,0.18504,1,1,35.38
5,0.002,1.9751,0.22917,0.20827,1.89444,0.2875,0.24013,0.25614,1,1,34.99
6,0.002,1.95927,0.2375,0.21298,1.8597,0.28333,0.22946,0.24476,1,0,25.56
7,0.002,1.96203,0.24479,0.22268,1.88074,0.32083,0.2568,0.27392,1,1,26.24
8,0.002,1.90497,0.28125,0.25402,1.76394,0.36667,0.30064,0.29142,1,1,33.83
9,0.002,1.91406,0.2625,0.25441,1.75057,0.35833,0.31354,0.30846,1,1,30.51
10,0.002,1.87098,0.28333,0.2646,1.77471,0.36667,0.35316,0.3457,1,1,25.5
11,0.002,1.83608,0.30938,0.28938,1.70022,0.38333,0.32971,0.32502,1,0,26.39
12,0.002,1.82606,0.29688,0.27477,1.72369,0.37917,0.34066,0.33592,1,0,20.44
13,0.002,1.76505,0.325,0.30948,1.68359,0.38333,0.32734,0.33317,1,0,21.82
14,0.002,1.74304,0.36042,0.33545,1.62568,0.4375,0.41684,0.41554,1,1,20.2
15,0.002,1.74776,0.32708,0.30902,1.63815,0.41667,0.38047,0.37742,1,0,23.74
16,0.002,1.74349,0.35417,0.32988,1.60101,0.44583,0.39939,0.39935,1,0,20.02
17,0.002,1.72412,0.34896,0.32901,1.59225,0.4625,0.42463,0.41785,1,1,24.09
18,0.002,1.69028,0.35417,0.32546,1.61022,0.4375,0.41156,0.41581,1,0,20.53
19,0.002,1.67041,0.37917,0.35439,1.55651,0.49583,0.47463,0.47161,1,1,22.53
20,0.002,1.64952,0.40521,0.38059,1.674,0.4,0.39214,0.38708,1,0,21.48
21,0.002,1.65986,0.39792,0.3808,1.51844,0.4625,0.42697,0.43322,1,0,21.58
22,0.002,1.61408,0.41146,0.39043,1.49574,0.47917,0.45426,0.44962,1,0,21.49
23,0.002,1.60843,0.40729,0.38819,1.60978,0.42917,0.37952,0.39848,1,0,25.0
24,0.002,1.60938,0.41771,0.40235,1.48738,0.4625,0.42699,0.42152,1,0,21.06
25,0.001,1.6172,0.4125,0.3921,1.52176,0.4875,0.46542,0.46009,1,0,21.62
26,0.001,1.56275,0.44271,0.41597,1.46462,0.50417,0.47438,0.4688,1,0,23.38
27,0.001,1.50053,0.46563,0.4496,1.43462,0.53333,0.52296,0.52022,1,1,24.24
28,0.001,1.53605,0.45937,0.44555,1.40806,0.5375,0.52667,0.52214,1,1,24.86
29,0.001,1.46002,0.49792,0.477,1.55059,0.50833,0.4921,0.49497,1,0,22.16
30,0.001,1.48873,0.45104,0.4373,1.3918,0.55833,0.54697,0.54484,1,1,21.64
31,0.001,1.47663,0.47604,0.45582,1.44211,0.52083,0.4954,0.49176,1,0,20.98
32,0.001,1.48839,0.48333,0.46961,1.43013,0.55833,0.56225,0.55915,1,1,21.88
33,0.001,1.43187,0.50104,0.48419,1.4225,0.53333,0.52599,0.52074,1,0,22.06
34,0.001,1.44888,0.50521,0.49048,1.43711,0.54167,0.54229,0.53633,1,0,22.78
35,0.001,1.42904,0.49583,0.4745,1.37733,0.55,0.54914,0.54501,1,0,21.26
36,0.001,1.43658,0.49479,0.47546,1.41944,0.55417,0.55399,0.55405,1,0,22.55
37,0.001,1.4359,0.50104,0.48748,1.37627,0.56667,0.56079,0.55373,1,0,22.43
38,0.0005,1.38586,0.52604,0.50773,1.40586,0.55833,0.557,0.55332,1,0,20.87
39,0.0005,1.41163,0.51042,0.49065,1.37921,0.56667,0.56272,0.55462,1,1,22.0
40,0.0005,1.35662,0.53229,0.51775,1.37845,0.57083,0.56957,0.56723,1,1,20.94
41,0.0005,1.35713,0.525,0.51032,1.36646,0.55417,0.54573,0.54682,1,0,21.84
42,0.0005,1.34598,0.53646,0.52032,1.41996,0.53333,0.53465,0.52927,1,0,20.2
43,0.0005,1.37001,0.53229,0.52209,1.41737,0.5625,0.5661,0.5607,1,0,21.06
44,0.0005,1.34725,0.54583,0.53124,1.41876,0.5625,0.56291,0.55801,1,0,20.42
45,0.0005,1.31612,0.55937,0.54532,1.40915,0.55,0.55306,0.54766,1,0,22.61
46,0.0005,1.32885,0.54896,0.53451,1.38418,0.58333,0.58328,0.57773,1,1,21.48
47,0.0005,1.33836,0.53542,0.52341,1.41108,0.55,0.54878,0.54786,1,0,23.46
48,0.0005,1.31604,0.53854,0.51815,1.38026,0.57083,0.56795,0.56618,1,0,21.9
49,0.0005,1.33579,0.54167,0.52724,1.34884,0.575,0.57297,0.57195,1,0,22.16
50,0.0005,1.2856,0.57188,0.55511,1.3947,0.525,0.52162,0.51676,1,0,20.46
51,0.0005,1.28997,0.56875,0.55274,1.36558,0.59583,0.59327,0.5872,1,1,21.17
52,0.0005,1.27866,0.57917,0.56376,1.44089,0.5625,0.56447,0.56169,1,0,20.95
53,0.0005,1.2815,0.58333,0.56885,1.35078,0.5875,0.58673,0.58243,1,0,20.61
54,0.0005,1.28618,0.55833,0.54186,1.38702,0.5625,0.56285,0.55911,1,0,22.13
55,0.0005,1.32659,0.54583,0.5286,1.34816,0.56667,0.56984,0.56339,1,0,20.94
56,0.0005,1.27821,0.57708,0.55921,1.36909,0.58333,0.58634,0.58202,1,0,23.02
57,0.00025,1.28989,0.56875,0.55578,1.35596,0.575,0.5725,0.56734,1,0,20.06
58,0.00025,1.26681,0.58125,0.56845,1.37519,0.58333,0.58107,0.57738,1,0,25.31
59,0.00025,1.24115,0.5875,0.57516,1.39659,0.55417,0.54972,0.54673,1,0,20.86
60,0.00025,1.2589,0.58437,0.56806,1.37316,0.58333,0.58444,0.58098,1,0,22.07
